{
  "project_info": {
    "project_number": "930933847977",
    "firebase_url": "https://pt-project-58b78.firebaseio.com",
    "project_id": "pt-project-58b78",
    "storage_bucket": "pt-project-58b78.appspot.com"
  },
  "client": [
    {
      "client_info": {
        "mobilesdk_app_id": "1:930933847977:android:dcb7f3c45c568900ad76b8",
        "android_client_info": {
          "package_name": "com.fullname.pt"
        }
      },
      "oauth_client": [
        {
          "client_id": "930933847977-vjvb7cltuc557smkebnti6vvvcv3p4ng.apps.googleusercontent.com",
          "client_type": 3
        }
      ],
      "api_key": [
        {
          "current_key": "AIzaSyC_4m4lhyglRAdJxQhgPpzadFwqiKsipFY"
        }
      ],
      "services": {
        "appinvite_service": {
          "other_platform_oauth_client": [
            {
              "client_id": "930933847977-vjvb7cltuc557smkebnti6vvvcv3p4ng.apps.googleusercontent.com",
              "client_type": 3
            }
          ]
        }
      }
    }
  ],
  "configuration_version": "1"
}